Organization Name,Organization Type,Description,Supporting Donors
3iSolution,Tech Provider,"3iS’s mission is to empower and enhance the understanding of information through innovative technology, successfully driving strategic change and transforming decision-making. We use data and cutting-edge technology to generate knowledge that equips leaders and change agents to better achieve their objectives in the humanitarian, development, and academic sectors. 
",European Union; Germany; Non-Governmental Organizations; Switzerland; United Nations
ACAPS,NGO,"ACAPS, which originally stood for the ""Assessment Capacities Project,"" is an independent, non-governmental organization that provides humanitarian information and analysis to support better-informed decision-making in crisis situations. It offers data and analysis on global humanitarian crises to organizations like the UN, humanitarian responders, and donors, with the goal of improving aid delivery and efficiency. ACAPS provides global analysis, and works with other organizations to improve evidence-based decision-making in humanitarian response. ",Canada; European Union; Norway; Switzerland; United Kingdom
ACLED: Armed Conflict Location & Event Data,NGO,"Armed Conflict Location & Event Data (ACLED) is a disaggregated data collection, analysis, and crisis mapping initiative. ACLED collects information on the dates, actors, locations, fatalities, and types of all reported political violence and protest events around the world. The ACLED team conducts analysis to describe and explore conflict trends.",CRAF’d
Afrobarometer,Research,"Afrobarometer, a non-profit company limited by guarantee with headquarters in Ghana, is a pan-African, non-partisan survey research network that conducts public attitude surveys on democracy, governance, the economy, and society. Afrobarometer is the world’s leading source of high-quality data on what Africans are thinking.

The Afrobarometer network encompasses more than 30 national partners responsible for data collection, analysis, and in-country dissemination of findings. Regional coordination is provided by the Ghana Center for Democratic Development (CDD-Ghana), the Institute for Justice and Reconciliation (IJR) in South Africa, and the Institute for Development Studies (IDS) at the University of Nairobi in Kenya. Michigan State University (MSU) and the University of Cape Town (UCT) provide technical support to the network.",Canada; European Union; Foundations; Germany; Netherlands; Norway; Sweden
Arab Barometer,Research,"Arab Barometer is a nonpartisan research network that provides insight into the social, political, and economic attitudes and values of ordinary citizens across the Arab world. We have been conducting high quality and reliable public opinion surveys in the Middle East and North Africa since 2006. We are the longest-standing and the largest repository of publicly available data on the views of men and women in the MENA region. Our findings give a voice to the needs and concerns of Arab publics.",USA
BSE: Barcelona School of Economics,Research,The Barcelona School of Economics (BSE) was founded in 2006 by Andreu Mas-Colell as an institution for scientific cooperation between four academic units: two university departments and two research centers with a long tradition of collaboration and a history of leadership in the field of Economics.,Germany; United Kingdom
Corporación Latinobarómetro,Research,"Latinobarómetro Corporation is a non-profit NGO based in Santiago, Chile, and is solely responsible for the production and publication of the data.
Latinobarómetro Corporation researches the development of democracy and economies as well as societies, using indicators of opinion, attitudes, behaviour and values. Its results are used by social and political actors, international organizations, governments and the media.
The executive director of the study is Marta Lagos.",African Union; Canada; European Union; International Financial Institutions (IFIs); International Organizations; Norway; Spain; Sweden; United Kingdom; United Nations
Coventry University,Research,"Coventry University focuses on applied teaching and industry-linked learning, emphasizing practical skills, professional accreditation, and career-oriented programs in fields such as engineering, business, and health, while expanding its profile through international partnerships and vocational innovation.",United Kingdom
CRED: Centre for Research on the Epidemiology of Disasters,Research,"The Centre for Research on the Epidemiology of Disasters (CRED  has been active for over 50 years and is recognized as a reference institution in the field of disasters and emergency situations: CRED promotes research, training, and technical expertise in humanitarian emergencies, particularly in public health and epidemiology. Its main research topic is natural disasters. By providing a wealth of data related to health, the centre aims to improve disasters preparedness and response. CRED is managing the EM-DAT database, quantifying the occurrence, human and economic impacts associated with natural and technological disasters.",Foundations; USA; United Nations
Data2x,NGO,"Collaboration is Data2X’s guiding principle and signature way of working. This reflects our core strength: our convening power based on the trust we have earned from government, private sector, civil society, and academic partners. In the coming years, Data2X will play an even more active facilitator role, mobilizing stakeholders around a cooperative global approach to fill gender data gaps.",Foundations
Data Pop Alliance,NGO,"Since 2013, Data-Pop Alliance has worked to apply cutting edge data science to solve the world’s most pressing problems. As the 2030 deadline for the UN sustainable development goals approaches, we believe novel approaches are needed to enhance the efficacy of the global development sector and reach those most in need. ",Brazil; Colombia; France; Germany; Peru; Spain; United Kingdom
DFS: Data Friendly Space,Tech Provider," Data Friendly Space (DFS) provides trustworthy digital tools and actionable data for social impact organisations to fulfil their mission. We believe that the international community holds not just the knowledge, but also the responsibility to utilise emerging technologies and data to better prepare for and respond to humanitarian needs, support the achievement of Sustainable Development Goals (SDGs), and accelerate climate action.	",Non-Governmental Organizations
DHS: The Demographic and Health Survey,Research,"The DHS Program (Demographic and Health Surveys) is a primary source of data on health and population trends in developing countries, having provided technical assistance to over 300 surveys in more than 90 countries since 1984. They collect and disseminate nationally representative data on critical areas including fertility, family planning, maternal and child health, gender, HIV/AIDS, malaria, and nutrition. Funded by USAID and other donors, and implemented by ICF International, The DHS Program plays a vital role in advancing global understanding of health and population issues.",Foundations; United Nations
DPO: United Nations Department of Peace Operations,United Nations,"The UN Department of Peace Operations (DPO) utilizes data to enhance the effectiveness of peace operations and inform decision-making in conflict and post-conflict settings. They manage the UN Peace and Security Data Hub, a public library of datasets on peace and security, providing centralized access to up-to-date information. The Hub empowers a wide range of users, including UN staff, member states, academia, and the public, with data on peacekeeping mandates, quick impact projects, and other related initiatives. DPO also engages in data-related projects such as predictive modeling with peacekeeping demographic data and quantifying the implementation of the Women, Peace and Security agenda through text analysis.",Argentina; Australia; Austria; Belgium; Brazil; Canada; China; Czech Republic; Denmark; Finland; France; Germany; India; Ireland; Italy; Japan; Luxembourg; Mexico; Netherlands; Norway; Russia; Saudi Arabia; South Korea; Spain; Sweden; Switzerland; Turkiye; USA; United Kingdom
DRC: Danish Refugee Council,NGO,"Founded in 1956, the Danish Refugee Council (DRC) is Denmark’s largest international NGO, with a specific expertise in forced displacement. DRC is present in close to 40 countries. DRC advocates for the rights of and solutions for displacement-affected communities, and provides assistance during all stages of displacement: In acute crisis, in exile, when settling and integrating in a new place, or upon return. DRC supports displaced persons in becoming self-reliant and included into hosting societies. DRC works with civil society and responsible authorities to promote protection of rights and inclusion.",Australia; Canada; Denmark; European Union; Finland; France; Germany; Netherlands; Sweden; Switzerland; USA; United Kingdom; United Nations
EC JRC: Joint Research Centre,Public Sector,The Joint Research Centre (JRC) is the European Commission's science and knowledge service which employs scientists to carry out research in order to provide independent scientific advice and support to European Union (EU) policy.,European Union
ECMWF: European Centre for Medium-Range Weather Forecasts,IO,"The European Centre for Medium-Range Weather Forecasts (ECMWF) is both a research institute and a 24/7 operational service, providing global numerical weather predictions and related data to its Member and Co-operating States, as well as the wider community. ECMWF operates a world-class supercomputer facility dedicated to weather forecasting and maintains one of the largest meteorological data archives in the world. Its strategic activities also include delivering advanced training and supporting the World Meteorological Organization (WMO) in the implementation of its programmes.",European Union
ETH Zurich,Research,"ETH Zurich is founded on core Swiss values such as freedom, individual responsibility, entrepreneurial spirit, and open-mindedness. Established in 1855 as a center for innovation and knowledge, the university is home to the Weather and Climate Risks (WCR) Group. The WCR Group develops the CLIMADA platform, an open-source tool for probabilistic climate risk assessment and adaptation planning, and leads projects like scClim, which integrates weather predictions and climate simulations to assess hail impacts, and SPARCCLE, which models climate extremes and their effects on global ecosystems.",European Union; Switzerland
FAO: Food and Agriculture Organization of the United Nations ,United Nations,"The Food and Agriculture Organization (FAO) is a specialized agency of the United Nations dedicated to leading global efforts to eliminate hunger. Established to improve nutrition, increase agricultural productivity, and raise the standard of living in rural populations, the FAO works with governments and partners worldwide. Its mission includes developing policies, sharing knowledge, and providing technical assistance to ensure food security and sustainable agricultural development for all. Through its initiatives, the FAO aims to create a world where everyone has regular access to enough high-quality food to lead active, healthy lives.",Argentina; Australia; Austria; Belgium; Brazil; Canada; China; European Union; France; Germany; India; International Financial Institutions (IFIs); Italy; Japan; Mexico; Netherlands; Norway; Poland; Russia; Saudi Arabia; South Korea; Spain; Sweden; Switzerland; Turkiye; USA; United Kingdom; United Nations
FEWS NET: Famine Early Warning Systems Network,Public Sector,The Famine Early Warning Systems Network (FEWS NET) is a leading provider of early warning and analysis on acute food insecurity around the world.,USA
FHN: Feminist Humanitarian Network ,Network,The Feminist Humanitarian Network (FHN) is a global collective of feminist leaders working together to transform the humanitarian system into one that is guided by feminist principles.,CRAF’d; Foundations; Non-Governmental Organizations
Fields Data,NGO,"Fields Data focusses on having data ready before the occurrence of a disaster, thereby saving lives through preparedness and efficient response.",
Flowminder Foundation,NGO,"Flowminder also co-founded, in partnership with UNFPA, WorldPop at the University of Southampton, and CIESIN at Columbia University the GRID3 programme. GRID3 was an international partnership programme funded by the Bill & Melinda Gates Foundation and the United Kingdom’s Foreign, Commonwealth and Development Office to map a path to sustainable development for everyone with geospatial data solutions.",European Union; Foundations; France; International Financial Institutions (IFIs); Switzerland; USA
FSNWG: Food Security and Nutrition Working Group,Network,"The Food Security and Nutrition Working Group (FSNWG) is a regional platform, currently co-chaired by ICPAC and FAO. It’s goal is two-fold: to provide an up-to-date food security and nutrition situation analysis (early warning) and to offer a forum to build consensus on critical issues facing policy and interventions. The FNSWG has served regional governments, donors, and non-governmental agencies since the early 2000’s. Current membership includes approximately 80 organisations (IGAD, UN agencies, NGOs, donors, and research institutions) who contribute to the operation of the working group, and its nutrition, markets, food security information, livestock and pastoralist sub-groups.",Canada; European Union; Germany; United Kingdom
GEM: Global Earthquake Model Foundation,NGO,"GEM is a non-profit, scientific, public-private partnership that fosters global collaboration, developing transparent earthquake risk assessment resources for worldwide risk management.",Australia; Finland; Germany; Italy; Japan; New Zealand; Norway; Switzerland; United Kingdom
Global Pulse,United Nations,"Global Pulse is an initiative of the United Nations focused on harnessing big data, artificial intelligence, and emerging technologies to support sustainable development and humanitarian action. The organization collaborates with UN agencies, governments, and partners worldwide to analyze real-time data and generate insights that inform decision-making. By leveraging advanced analytics, Global Pulse aims to improve crisis response, monitor global trends, and promote data-driven policies.",Australia; Finland; Foundations; Private Firms
Harvard Humanitarian Initiative,Research,The Harvard Humanitarian Initiative (HHI) is a university-wide academic and research center in humanitarian crisis and leadership. Our mission is to create new knowledge and advance evidence-based leadership in disasters and humanitarian crisis. Our work focuses on two main areas: the Humanitarian Academy at Harvard and Research & Translation.,Sweden; USA; United Kingdom; United Nations
HeiGIT: Heidelberg Institute for Geoinformation Technology,Research,"HeiGIT (Heidelberg Institute for Geoinformation Technology) advances geoinformation technology for societal and environmental benefit. It bridges the gap between fundamental research in geoinformatics and practical applications by developing innovative tools and methods. Its work includes customized geodata for humanitarian missions and intelligent routing for disaster response and climate action.

Using advances in spatial data processing and machine learning, it enriches and analyzes geodata such as OpenStreetMap, providing free tools and insights to researchers, public authorities, and non-profit organizations.",Foundations; Germany
HERA: Humanitarian Emergency Response Africa,NGO,"As an international organization, HERA is dedicated to supporting other humanitarian and development organizations in the implementation of their projects and operational strategies. This includes crafting strategic frameworks, establishing security policies, risk assessment, donor mapping, exploratory missions, and evaluation missions. HERA assists organizations in understanding the evolving landscape of the humanitarian system, particularly regarding epidemic control through epidemiological data collection and climate change adaptation by aiding organizations in measuring their carbon footprint and developing strategies to reduce greenhouse gas emissions.",
HIIK: Heidelberg Institute for International Conflict Research,Research,"The Heidelberg Institute for International Conflict Research (HIIK) is an independent and interdisciplinary registered association located at the Department of Political Science at the University of Heidelberg. Since 1991, the HIIK has been committed to the distribution of knowledge about the emergence, course and settlement of interstate and intrastate political conflicts. The Conflict Barometer is published annually and contains the current research results.",Germany
HOT: Humanitarian Open Street Map Team,NGO,"HOT is an international team dedicated to humanitarian action and community development through open mapping. We work together to provide map data which revolutionises disaster management, reduces risks, and contributes to achievement of the Sustainable Development Goals.",Foundations
Humanitarian Outcomes,Tech Provider,Humanitarian Outcomes is an independent research organisation providing evidence and policy advice to inform better humanitarian action.,Canada; Ireland
ICG: International Crisis Group,NGO,"The International Crisis Group is an independent organisation working to prevent wars and shape policies that will build a more peaceful world.
Crisis Group sounds the alarm to prevent deadly conflict. We build support for the good governance and inclusive politics that enable societies to flourish. We engage directly with a range of conflict actors to seek and share information, and to encourage intelligent action for peace.",Australia; Austria; CRAF’d; Denmark; European Union; France; International Financial Institutions (IFIs); Ireland; Japan; Liechtenstein; Luxembourg; Qatar; Slovenia; South Korea; Sweden; Switzerland; United Nations
ICPAC: IGAD Climate Prediction and Applications Centre,IO,The IGAD Climate Prediction and Applications Centre (ICPAC) plays a vital role in the humanitarian context of the Greater Horn of Africa (GHA) by providing critical climate services to 11 countries. ICPAC's mission is to foster climate services and knowledge to enhance community resilience in a region highly susceptible to climate change and extreme weather events. ,European Union; International Financial Institutions (IFIs); United Kingdom
IDMC: Internal Displacement Monitoring Centre,NGO,"The Internal Displacement Monitoring Centre (IDMC) is the world's leading source of data and analysis on internal displacement. Since our establishment in 1998 as part of the Norwegian Refugee Council (NRC), we have offered a rigorous, independent and trusted service to the international community. Our work informs policy and operational decisions that improve the lives of the millions of people living in internal displacement, or at risk of becoming displaced in the future.",Australia; CRAF’d; European Union; Foundations; Germany; International Financial Institutions (IFIs); Liechtenstein; Norway; Sweden; Switzerland
IFRC: International Federation of the Red Cross and Red Crescent,Red Cross,"The International Federation of Red Cross and Red Crescent Societies (IFRC) is the world's largest humanitarian organization, with 190 member National Societies. As part of the International Red Cross and Red Crescent Movement, our work is guided by seven fundamental principles; humanity, impartiality, neutrality, independence, voluntary service, unity and universality.
",Belgium; European Union; France; Germany; Ireland; Italy; Japan; Spain; Sweden; Switzerland; United Kingdom
iMMAP Inc.,NGO,"iMMAP Inc. is an international nonprofit organization that provides information management services to humanitarian and development organizations, enabling partners to make informed decisions that ultimately provide high-quality targeted assistance to the world’s most vulnerable populations.",Germany; International Financial Institutions (IFIs); USA; United Nations
INFORM Consortium,Network,"INFORM is a collaboration of the Inter-Agency Standing Committee Reference Group on Risk, Early Warning and Preparedness and the European Commission. INFORM is developing a suite of quantitative, analytical products to support decision-making on humanitarian crises and disasters. ",CRAF’d; European Union; United Kingdom; United Nations
Insecurity Insight,NGO,"Insecurity Insight examines threats facing people living and working in dangerous environments. Our innovative data collection and analysis methods generate insights relevant for aid workers, aid agencies and those concerned with the protection of health workers, educators, IDPs and refugees. Our aim is to empower those who deliver vital services and to give voices to those affected by insecurity   ",European Union; Norway; Spain; Switzerland; United Kingdom
INSO: International NGO Safety Organization,NGO,"INSO provides a coherent, sector-wide response to this need, delivering action-oriented solutions that go beyond saving individual lives to enable humanitarian operations in acutely challenging environments.",Canada; European Union; France; Germany; Luxembourg; Netherlands; Norway; Sweden; Switzerland; United Kingdom; United Nations
IOM: International Organization for Migration,United Nations,"IOM’s work is guided by a commitment to upholding the dignity, safety, and protection of individuals affected by crises, even in the most challenging response contexts worldwide. All activities are designed to respect the rights and needs of people in vulnerable situations, ensuring that humanitarian assistance is delivered with sensitivity, impartiality, and a focus on safeguarding those at risk. IOM prioritizes ethical standards and best practices to foster environments where affected populations are treated with respect and their well-being is central to every intervention.",Australia; Canada; European Union; Germany; Italy; Japan; Netherlands; Norway; South Korea; USA; United Kingdom; United Nations
IPC: Integrated Food Security Phase Classification,Network,"The IPC global partnership is comprised of 19 organizations and inter-governmental institutions including Action Against Hunger (AAH), CARE International, Comité Permanent Inter-Etats de Lutte Contre la Sécheresse au Sahel (Permanent Interstate Committee for Drought Control in the Sahel) (CILSS), Food and Agriculture Organization of the United Nations (FAO), Famine Early Warning Systems Network (FEWS NET), the Global Food Security Cluster, the Global Nutrition Cluster, Intergovernmental Authority on Development (IGAD), Joint Research Centre (JRC) of the European Commission, Oxford Committee for Famine Relief (Oxfam), Southern African Development Community (SADC), Save the Children, Sistema de la Integración Centroamericana (Central American Integration System) (SICA), World Food Programme (WFP), United Nations Children’s Fund (UNICEF), the World Bank, the Wolrd Health Organization (WHO), UNDP and IFPRI.",Canada; European Union; Germany; International Financial Institutions (IFIs); United Kingdom; United Nations
ITU: International Telecommunication Union,United Nations,"The International Telecommunication Union (ITU) is the specialized United Nations agency for information and communication technologies (ICTs), established in 1865. Headquartered in Geneva, Switzerland, it connects 193 member states and over 700 private-sector entities to manage radio spectrum, set technical standards, and improve global technology access.",
"Josef Korbel School, University of Denver",Research,"The Josef Korbel School of Global and Public Affairs at the University of Denver is a professional school of international affairs offering undergraduate, graduate, and doctoral degrees. It is named in honor of the founding dean, Josef Korbel, father of former U.S. Secretary of State Madeleine Albright",USA
LSE: London School of Economics and Political Science,Research,"The London School of Economics and Political Science concentrates on the study of societies, markets, and governance, producing research in economics, politics, sociology, and international relations, and shaping policy through empirical analysis, comparative institutional study, and global-facing intellectual networks.",United Kingdom
MapAction,NGO,"We are a non-profit organisation collaborating with partners around the world to prepare for and respond to humanitarian emergencies. We strive to ensure global, regional, national and local disaster management and humanitarian agencies have access to the maps, visualised data, information and analysis that they need to make key decisions, at the right times, to save lives and reduce suffering. ",Germany; United Kingdom
MapSwipe,NGO,MapSwipe is a humanitarian crowdsourcing app where volunteers swipe through satellite images to help map vulnerable areas that aid organizations rely on.,
Netherlands Red Cross,Red Cross,"The Netherlands Red Cross‘ data and digital unit 510 aims to help every National Red Cross and Red Crescent Society in need anywhere. It is named after the total surface area of the earth (510 million square kilometres). 510 started in 2016 with a core team of 3 and never stopped growing. Currently, 510 has more than 100 team members, of whom 70+ are professional volunteers and academic students.
",Netherlands
OCHA: Centre for Humanitarian Data,United Nations,"The Centre for Humanitarian Data is focused on increasing the use and impact of data in the humanitarian sector. It is managed by the United Nations Office for the Coordination of Humanitarian Affairs (OCHA). As part of OCHA’s Information Management Branch, the Centre’s role is to enable the organization to deliver on its ambition to be more data-driven and analytical, and to ensure a responsible approach to technology and data management.  ",
OCHA: United Nations Office for the Coordination of Humanitarian Affairs,United Nations,"Support humanitarian organizations to respond effectively to the needs of people caught in crises, to understand and analyse their needs, and to mobilize international assistance. We provide tools and services to help humanitarian organizations ensure that no one affected by a crisis is left behind. ",Australia; Austria; Belgium; Canada; Denmark; Estonia; European Union; Finland; France; Germany; Greece; Iceland; Ireland; Italy; Japan; Luxembourg; Netherlands; New Zealand; Norway; Poland; Portugal; Qatar; Saudi Arabia; South Korea; Spain; Sweden; Switzerland; Turkiye; USA; United Kingdom
OHCHR: United Nations High Commissioner for Human Rights,United Nations,"The High Commissioner for Human Rights is the principal human rights official of the United Nations. The United Nations High Commissioner for Human Rights is accountable to the Secretary-General and is responsible for all the activities of OHCHR, as well as for its administration.",Australia; Austria; Belgium; Canada; China; Denmark; European Union; Finland; France; Germany; Iceland; India; Ireland; Italy; Japan; Luxembourg; Netherlands; New Zealand; Norway; Qatar; Saudi Arabia; South Korea; Spain; Sweden; Switzerland; USA; United Kingdom; United Nations
Pacific Disaster Center ,Research,"Pacific Disaster Center (PDC) is a leading scientific innovator of global risk reduction science and technology. As a University of Hawai’i applied science and research center, our work intersects with a variety of government, community, academic, and scientific organizations at home and around the world to build resilience to natural and man-made hazards, assess risk, and enhance the capacity to quickly and accurately anticipate and prepare for new and emerging threats.	",USA
PANDA,NGO,"IMPACT’s PANDA initiative aims to improve the effectiveness, efficiency and efficacy of humanitarian and development interventions. PANDA supports the entire humanitarian programme cycle, including programme design, assessments, baselines, monitoring and evaluation.",International Financial Institutions (IFIs)
PARIS21,IO,"The Partnership in Statistics for Development in the 21st Century (PARIS21) aims to improve the production, quality, availability, and use of statistics for informed decision making for sustainable development. It was established in 1999 by the United Nations, the European Commission, the Organisation for Economic Co-operation and Development (OECD), the International Monetary Fund, and the World Bank as a response to the need for accurate and reliable data to achieve and track progress toward development goals. ",Belgium; Canada; Foundations; Germany; South Korea; Sweden; Switzerland; United Kingdom; United Nations
PRIO: Peace Research Institute Oslo,Research,"The Peace Research Institute Oslo (PRIO) conducts research on the conditions for peaceful relations between states, groups and people.
",European Union; Germany; Norway; South Korea; United Kingdom
Queen's University Belfast,Research,"Queen’s University Belfast positions itself as a research-intensive institution supported by strong engineering, medicine, and social science faculties, contributing to technological innovation, public health research, and regional economic development while maintaining structured links with government and industry.",United Kingdom
RCCC: Red Cross Red Crescent Climate Centre,Red Cross,"The Climate Centre focuses primarily on providing guidance and tools to National Societies and their partners, and fostering the exchange of experience, training and technical back-up for Red Cross Red Crescent volunteers, delegates and managers specializing in the management of disaster risk and health.",Italy
REACH,NGO,"REACH is a leading humanitarian initiative providing granular data, timely information and in-depth analysis from contexts of crisis, disaster and displacement. The work of REACH directly feeds into aid response and decision-making by providing accessible and precise information on the humanitarian situation of crisis-affected populations.",Australia; Belgium; Denmark; European Union; France; Germany; Japan; Non-Governmental Organizations; Norway; Research / Think Tank; Sweden; Switzerland; USA; United Kingdom
SIPRI: Stockholm International Peace Research Institute,Research,"SIPRI is an independent international institute dedicated to research into conflict, armaments, arms control and disarmament. Established in 1966, SIPRI provides data, analysis and recommendations, based on open sources, to policymakers, researchers, media and the interested public. Based in Stockholm, SIPRI is regularly ranked among the most respected think tanks worldwide.",Australia; European Union; France; Germany; Japan; Netherlands; Norway; South Korea; Sweden; Switzerland; United Kingdom
START Network,Network,"Start Network is a network of aid agencies across the world, working together to revolutionise the global humanitarian system.

	",European Union; Foundations; Non-Governmental Organizations; United Kingdom
The Pacific Community,IO,"The Pacific Community (SPC) is the principal scientific and technical organisation in the Pacific region, proudly supporting development since 1947. We are an international development organisation owned and governed by our 27 country and territory members. The Pacific Community supports sustainable development by applying a people-centred approach to science, research and technology across all of the Sustainable Development Goals (SDGs). We serve our members by interweaving and harnessing the nexus of climate, ocean, land, culture, rights and good governance; through trusted partnerships; investing in Pacific people; and understanding Pacific contexts.",Australia; European Union; France; Germany; International Financial Institutions (IFIs); New Zealand; Sweden; USA; United Nations
UNCCD: United Nations Convention to Combat Desertification,United Nations,"The UNCCD is the global voice for land. We promote practices that avoid, reduce and reverse land degradation and are the driving force behind Sustainable Development Goal 15 and Land Degradation Neutrality.",Argentina; Australia; Austria; Belgium; Brazil; Canada; China; Denmark; European Union; Finland; France; Germany; India; Ireland; Italy; Japan; Luxembourg; Mexico; Netherlands; Norway; Poland; Russia; Saudi Arabia; South Africa; South Korea; Spain; Sweden; Switzerland; Turkiye; USA; United Kingdom
UNDPPA: United Nations Department of Political and Peacebuilding Affairs ,United Nations,"The Department of Political and Peacebuilding Affairs (DPPA) plays a central role in United Nations efforts to prevent and resolve conflict around the world. DPPA supports the Secretary-General’s peace initiatives, oversees mediation, political transition and peacebuilding processes, and assists UN Member States as they carry out elections.",Albania; Australia; Austria; Canada; Denmark; European Union; Finland; France; Germany; Ireland; Italy; Japan; Mexico; Netherlands; New Zealand; Norway; Poland; Portugal; Qatar; Romania; South Korea; Switzerland; Turkiye; USA; United Kingdom; United Nations
UNDP: United Nations Development Programme,United Nations,"UNDP works in about 170 countries and territories, helping to eradicate poverty, reduce inequalities and exclusion, and build resilience so countries can sustain progress. As the UN’s development agency, UNDP plays a critical role in helping countries achieve the Sustainable Development Goals.	",Argentina; Australia; Canada; Colombia; Denmark; Dominica; Egypt; European Union; Foundations; France; Germany; Guatemala; International Financial Institutions (IFIs); International Organizations; Italy; Japan; Netherlands; Norway; Saudi Arabia; Serbia; South Korea; Sweden; Switzerland; Turkmenistan; USA; United Kingdom; United Nations; Uruguay
UNDRR: United Nations Office for Disaster Risk Reduction,United Nations,"The United Nations Office for Disaster Risk Reduction (UNDRR) has a big ambition: to help decision makers across the globe better understand and act on risk.  At UNDRR, we envision a world where disasters no longer threaten the well-being of people and the future of the planet. Sustainable development and the 2030 Agenda cannot be achieved without working towards that goal of building resilience.	",Australia; Canada; China; Czech Republic; Denmark; European Union; Finland; France; Germany; Israel; Italy; Japan; Kazakhstan; Luxembourg; Netherlands; Norway; Philippines; Poland; Portugal; South Korea; Spain; Sweden; Switzerland; USA; United Nations
UNEP: United Nations Environment Programme ,United Nations,"The United Nations Environment Programme (UNEP) is the leading global authority on the environment. UNEP’s mission is to inspire, inform, and enable nations and peoples to improve their quality of life without compromising that of future generations.",Australia; Austria; Belgium; Canada; China; Czech Republic; Denmark; Finland; France; Germany; Ireland; Israel; Italy; Japan; Kuwait; Luxembourg; Mexico; Netherlands; New Zealand; Norway; Peru; Philippines; Saudi Arabia; South Korea; Spain; Sweden; Switzerland; USA; United Kingdom
UNESCAP: United Nations Economic and Social Commission for Asia and the Pacific,United Nations,"UNESCAP leverages data and statistics to address key development challenges in the Asia-Pacific region, providing member states with results-oriented projects, technical assistance, and capacity building. They work across various areas, including macroeconomic policy, poverty reduction, trade, environment, disaster risk reduction, and social development. UNESCAP promotes the use of data for evidence-based decision-making and fosters regional cooperation on transboundary issues, utilizing rigorous analysis and peer learning to inform policy dialogues and recommendations.",
"UNESCO: United Nations Educational, Scientific and Cultural Organization",United Nations,"The United Nations Educational, Scientific and Cultural Organization (UNESCO) is the agency of the United Nations contributing to building peace through international cooperation in education, the sciences and culture.",Australia; Belgium; Brazil; Canada; China; European Union; France; Germany; India; International Financial Institutions (IFIs); Ireland; Italy; Japan; Mexico; Netherlands; Norway; Poland; Russia; Saudi Arabia; South Korea; Spain; Sweden; Switzerland; Turkiye; USA; United Kingdom; United Nations
UNFPA: United Nations Population Fund,United Nations,"UNFPA, the United Nations Population Fund, works globally to ensure universal access to sexual and reproductive health, prevent and respond to gender-based violence, collect and use population data, and promote gender equality and the empowerment of women and youth across the humanitarian/development continuum.",Australia; Belgium; Cameroon; Canada; China; Denmark; European Union; Finland; Foundations; France; Germany; Iceland; India; Ireland; Italy; Japan; Luxembourg; Netherlands; New Zealand; Norway; Pakistan; Peru; Portugal; Qatar; South Korea; Spain; Sweden; Switzerland; USA; United Kingdom
UNHCR: United Nations High Commissioner for Refugees,United Nations,"UNHCR, the UN Refugee Agency, is a global organization dedicated to saving lives, protecting rights and building a better future for people forced to flee their homes because of conflict and persecution. We lead international action to protect refugees, forcibly displaced communities and stateless people. 
	",Australia; Austria; Belgium; Canada; China; Denmark; European Union; Finland; Foundations; France; Germany; Hungary; Ireland; Italy; Japan; Kuwait; Luxembourg; Netherlands; New Zealand; Norway; Qatar; Saudi Arabia; South Korea; Spain; Sweden; Switzerland; USA; United Arab Emirates; United Kingdom; United Nations
UNICEF: United Nations Children's Fund,United Nations,"UNICEF’s Data Team is the global go-to for data on children. It leads the collection, validation, analysis, use and communication of the most statistically sound, internationally comparable data on the situation of children and women around the world.",Canada; Denmark; European Union; Foundations; France; Germany; International Financial Institutions (IFIs); Japan; Netherlands; Norway; South Korea; Spain; Sweden; USA; United Kingdom; United Nations
UNITAR: UN Institute for Training and Research,United Nations,"UNITAR focuses on building capacity in the use of data for evidence-based decision-making, particularly in developing countries. They organize workshops and develop toolkits on governance for data ecosystems, with a special emphasis on supporting the implementation of the Sustainable Development Goals (SDGs). UNITAR also helps strengthen statistical training at national and local levels, promotes access to statistical learning for data producers, enables the use of new data sources like citizen data, and enhances the effective use of data by policymakers and stakeholders through statistical literacy initiatives.",Australia; Canada; China; Denmark; European Union; Finland; Germany; International Financial Institutions (IFIs); Italy; Japan; Luxembourg; Norway; Pakistan; Portugal; Saudi Arabia; Sweden; Switzerland; Thailand; Turkiye; USA; United Kingdom; United Nations
University of California Irvine,Research,"University of California, Irvine was founded with a mission to catalyze the community and enhance lives through rigorous academics, cutting-edge research, and dedicated public service. Today, we draw on the unyielding spirit of our pioneering faculty, staff and students who arrived on campus with a dream to inspire change and generate new ideas. We believe that true progress is made when different perspectives come together to advance our understanding of the world around us. And we enlighten our communities and point the way to a better future. At UCI, we shine brighter.",CRAF’d; USA
University of Edinburgh,Research,"The University of Edinburgh is a public research university based in Edinburgh, Scotland. Founded by the town council under the authority of a royal charter from King James VI in 1582 and officially opened in 1583, it is one of Scotland's four ancient universities and the sixth-oldest university in continuous operation in the English-speaking world.",United Kingdom
University of Minnesota,Research,"The University of Minnesota provides extensive data services and projects through various centers, including the Minnesota Research Data Center (MnRDC), which provides researchers secure access to non-public data from the U.S. Census Bureau and other government agencies. Their data services also encompass data infrastructure assessment, record linkage, machine learning, innovative data capture, and data access and preservation. The IPUMS Center for Data Integration is a prominent provider of census and survey data globally, further showcasing the University's commitment to data integration and research.",USA
University of Oxford,Research,"The University of Oxford supports researchers and students with a suite of data services, primarily through the Bodleian Data Service, which offers access to statistics and data for secondary use. Oxford also provides research data management services for storing, publishing, and preserving research data outputs. Their Data Reporting, Architecture and Modelling (DRAM) team within IT Services offers comprehensive support for data management, analysis, and reporting, guided by the University IT Strategic Plan and Data Strategy.",United Kingdom
University of St. Andrews,Research,"The University of St Andrews emphasizes rigorous teaching and research across the humanities, sciences, and social sciences, supporting scholarship through small-group instruction, historical academic traditions, and internationally oriented research in disciplines such as international relations, philosophy, and marine science.",United Kingdom
University of Stirling,Research,"The University of Stirling builds its academic identity around research-informed social science, environmental studies, and behavioral science, integrating interdisciplinary approaches with a campus designed to support empirical fieldwork, sports science development, and public policy analysis.",United Kingdom
UNODA: United Nations Office for Disarmament Affairs,United Nations,"UNODA provides substantive and organizational support for norm-setting in the area of disarmament through the work of the General Assembly and its First Committee, the Disarmament Commission, the Conference on Disarmament and other bodies. It fosters disarmament measures through dialogue, transparency and confidence-building on military matters, and encourages regional disarmament efforts; these include the United Nations Register of Conventional Arms and regional forums.
",Australia; Austria; Brazil; Canada; Chile; China; Costa Rica; Czech Republic; Denmark; France; Germany; Greece; India; Ireland; Italy; Japan; Netherlands; New Zealand; Norway; Peru; Poland; Portugal; Russia; South Korea; Spain; Sweden; Switzerland; Thailand; USA; United Kingdom
UNOSAT: The United Nations Satellite Centre,United Nations,"The United Nations Satellite Centre (UNOSAT), part of UNITAR, delivers satellite analysis, training, and capacity development to UN entities and Member States. We leverage geospatial technologies to support humanitarian response, sustainable development, and resilience building worldwide.",Australia; Canada; China; Denmark; European Union; Finland; Germany; International Financial Institutions (IFIs); Italy; Japan; Luxembourg; Norway; Pakistan; Portugal; Saudi Arabia; Sweden; Switzerland; Thailand; Turkiye; USA; United Kingdom; United Nations
UN Women,United Nations,"UN Women is the United Nations entity dedicated to gender equality and the empowerment of women. A global champion for women and girls, UN Women was established to accelerate progress on meeting their needs worldwide.",Australia; Austria; Belgium; Canada; Denmark; European Union; Finland; Foundations; France; Germany; Iceland; International Financial Institutions (IFIs); Ireland; Italy; Japan; Luxembourg; Netherlands; New Zealand; Norway; South Korea; South Sudan; Spain; Sweden; Switzerland; USA; United Arab Emirates; United Kingdom; United Nations
Uppsala University,Research,"Uppsala University is the oldest Nordic university, founded in 1477. Today we are a comprehensive research university with a clear mission: to pursue top-quality research and education and to interact constructively with society, thus contributing to a better world.",Sweden
U.S. Department of State,Public Sector,"The U.S. Department of State is a federal government agency responsible for leading the nation’s foreign policy and international relations. It represents the United States to other countries, negotiates treaties and agreements, and promotes American interests abroad. The Department also provides support to U.S. citizens traveling or living overseas, issues passports and visas, and works to advance global peace, security, and prosperity. As the principal diplomatic arm of the federal government, the Department of State plays a vital role in shaping and implementing the country’s foreign policy objectives.",USA
USGS: US Geological Survey ,Public Sector,"The US Geological Survey maintains extensive data services and conducts numerous data-related projects across various fields, including mapping mineral resources, analyzing global supply chains, and conducting environmental monitoring and research. Projects often involve collaborations with other governmental agencies, universities, and private companies. For example, USGS offers technical assistance internationally, with expertise in areas like seismic monitoring and water resource assessment. Their Community for Data Integration (CDI) supports data-driven research by funding projects that enhance data analysis tools, such as the Terrestrial Remote Sensing Data Ingestion with PyHAT, which facilitates the use of multiple terrestrial datasets for machine learning analysis.",USA
WFP: United Nations World Food Programme,United Nations,"We work to enhance nutrition in women and children, support smallholder farmers in improving productivity and reducing losses, help countries and communities prepare for and cope with climate-related shocks, and boost human capital through school feeding programmes.",Australia; Austria; Canada; Chad; Colombia; Denmark; European Union; Finland; Foundations; France; Germany; Haiti; Honduras; International Financial Institutions (IFIs); Ireland; Italy; Japan; Netherlands; Norway; Pakistan; Russia; Saudi Arabia; Somalia; South Korea; Sweden; Switzerland; USA; United Arab Emirates; United Kingdom; United Nations
WHO: World Health Organization ,United Nations,"The World Health Organization (WHO) aims to achieve the highest attainable standard of health for all people worldwide, defining health as a state of complete physical, mental, and social well-being, not merely the absence of disease or infirmity. Its primary functions include promoting the control of epidemic and endemic diseases, enhancing education and training in public health and medical treatment, and establishing international standards for biological products. The WHO works globally to improve health outcomes and foster cooperation among nations in addressing health challenges.",Australia; Canada; European Union; Foundations; France; Germany; India; International Financial Institutions (IFIs); Italy; Japan; Luxembourg; Netherlands; Nigeria; Norway; Pakistan; Saudi Arabia; South Korea; Sweden; Switzerland; USA; United Arab Emirates; United Kingdom; United Nations
WMO: World Meteorological Organization ,United Nations,"The World Meteorological Organization fosters the international exchange and standardization of meteorological and hydrological data, crucial for weather forecasting, climate monitoring, and water resource management. Their World Climate Data and Monitoring Programme (WCDMP) coordinates climate data and assessment, while initiatives like data rescue projects, including the MEditerranean climate DAta REscue (MEDARE) project and the International Environmental Data Rescue Organization (IEDRO), work to digitize historical data for research and analysis. The WMO also implements the WMO Hydrological Observing System (WHOS) through the WMO HydroHub to facilitate data sharing and capacity building in hydrology.",African Union; Canada; China; European Union; International Financial Institutions (IFIs); South Korea; Switzerland; USA; United Kingdom; United Nations
World Bank Group ,IO,"The World Bank is an international financial institution that provides loans and grants to the governments of low- and middle-income countries for the purposes of economic development.

",
World Bank-UNHCR Joint Data Center on Forced Displacement ,United Nations,"The JDC offers different types of support and guidance to activity implementation teams. In most cases, this entails a combination of the following:
• Financial investments covering full or partial costs of proposed activities as relevant;
• Technical guidance and support in order to ensure high quality outputs and useful outcomes, to allow learning from expertise, and to streamline processes;
• Strategic advice to initiate and develop activities that are relevant to shape policy dialogue and inform programs;
• Partnership building and coordination to identify and connect partners to enhance project outcomes, capitalize on synergies and increase impact.",CRAF’d; Denmark; European Union; International Financial Institutions (IFIs); USA
World Peace Foundation,Research,"World Peace Foundation is a center at Tufts University's The Fletcher School, that produces innovative research for nonviolent futures. The WPF redefines peace through research, advocacy and engagement that creates pathways for non-violent futures. Since 1910, when WPF was created, ideas about peace and how to attain it have evolved. Our contribution lies in research and outreach informed by principles of justice.",USA
WorldPop,Research,"WorldPop is an interdisciplinary applied research group focusing primarily on supporting improvement of the spatial demographic evidence base and the use of these data for health and development applications, including addressing the Sustainable Development Goals. Its mission is to enable decision makers to harness the power of spatial demographic data through high quality applied research, to achieve a vision of a world where everyone, everywhere is counted in decision making.",Foundations; International Financial Institutions (IFIs); Non-Governmental Organizations; Norway; USA; United Kingdom
WPDx: Water Point Data Exchange ,NGO,The mission of the Water Point Data Exchange (WPdx) is to unlock the potential of water point data to improve rural water services through evidence-based decision-making.,Foundations; USA; United Nations